PRODUCTO;CLASIFICACIÓN;PRESENTACIÓN;DESCRIPCIÓN P/WEB
AVIA SOL 108 CONCENTRADO ;NAVAL NDUSTRIAL ;X LT / X5 / X10 / X25 LTS;Desengrasante industrial de uso universal. Ideal para superficies contaminadas. Su pH alcalino garantiza un gran desempeño en superficies metálicas. Producto no abrasivo y biodegradable, no agresivo con la piel y no emite gases tóxicos. Recomendado para su uso en salas de máquinas, talleres, elevadores, cintas transportadoras etc. También recomendado para el mantenimiento de cubiertas de pesca, bodegas y mamparos. Producto altamente concentrado permite una dilucion de hasta 50 a 1
AVIA SOL 110 CONCENTRADO ;NAVAL NDUSTRIAL ;X LT / X5 / X10 / X25 LTS;Desengrasante industrial de uso múltiple con aprobación de SENASA. A su alta capacidad de hidrolización de grasas y aceites se suma un gran poder bactericida, virucida y fungicida. Gran concentración, permite dilución hasta 1 en 50. Ideal para limpieza de frigoríficos de carnes rojas, aves, pescado, cocinas, depósitos, cintas transportadoras, bodegas, elementos de corte, entre otros.  
SANITARIO INTEGRAL TF CONCENTRADO ;NAVAL NDUSTRIAL ;X LT / X5 / X10 / X25 LTS;Desodorizante y desinfectante de uso industrial.  Excelente poder biocida, acción antibacteriana y antifúngica a pH neutro. Recomendado para todo tipo de industrias y necesidades. Su pH neutro lo hace compatible con cualquier tipo de material o superficie. Por su gran concentración es posible su dosificación de hasta 1:400 
TECNI 3D ÁCIDA CONCENTRADO ;NAVAL NDUSTRIAL ;X LT / X5 / X10 / X25 LTS;Desengrasante de uso industrial. Detersivo espumígeno ácido. Permite remover grasas neutras, desinfecta y remueve particulas de oxido. No corroe ni daña superficies metálicas haciéndolo ideal para limpieza de mesas de trabajo, tanques, tolvas, bandejas, cortinas sanitarias, paredes frisos, etc.. Producto aprobado por SENASA ideal para su utilización en plantas procesadoras de alimento. Alta concentración, permite un gran margen de dilución
TECNI 3D ALCALINA CONCENTRADO ;NAVAL NDUSTRIAL ;X LT / X5 / X10 / X25 LTS;Desengrasante industrial especialmente formulado para plantas procesadoras de alimentos. Detersivo espumígeno clorado. Por su pH básico regulado este prudcto logra hidrolizar grasas y aceites pesados a la vez que las disuelven para lograr la remoción completa. Potente desengrasante con acción desinfectante ideal para todo tipo de superficies, altamente concentrado permitiendo una gran dilución y un gran resultado en poco tiempo. Producto aprobado por SENASA para su utilización en la industria alimentaria. 
TECNI DSC CONCENTRADO ;NAVAL NDUSTRIAL ;X LT / X5 / X12 / X25 KG;Desoxidante y fosfatizante para todo tipo de metales. Captura y disuelve los óxidos de hierro eliminando rastros de herrumbre. Deposita una fina capa de fosfato que mejora la adherencia para pinturas y recubrimientos. Al mismo tiempo posee una enérgica acción desengrasante que evita pasos de limpieza extra. Producto altamente concentrado, con resultados probados en cubiertas y superficies de embarcaciones
TECNI QMO CONCENTRADO ;NAVAL NDUSTRIAL ;X LT / X5 / X10 / X25 LTS;Desodorizante de acción intensiva. Desarrollado específicamente para la remoción de olores desagradables en ambientes cerrados, como baños, vestuarios, desagües sépticos, depósitos etc. Potente acción bactericida y fungicida que previene la proliferación de microorganismos que generan olores molestos. No ataca ni decolora superficies delicadas como plasticos y gomas, por lo que se recominenda para su uso en cañerías y sistemas de bombeo.
TECNI S02 (SOLVENTE DIELÉCTRICO);NAVAL NDUSTRIAL ;X LT / X5 / X10 / X25 LTS ;Solvente dieléctrico de alto punto de inflamación. Solvente desengrasante ideal para limpieza de componentes eléctricos y electrónicos en frío. Formulado con una selección de solventes de altísima calidad, el producto posee un alto punto de inflamación y una tensión de ruptura excepcionalmente elevadas. Se evapora sin dejar residuos y no requiere limpieza posterior. Especialmente indicado para limpieza de equipamiento eléctrico, bobinas, sistemas electrónicos, entre otros. 
TECNISOL ;NAVAL NDUSTRIAL ;X LT / X5 / X10 LTS ;Desengrasante industrial. Desarrollado específicamente para el tratamiento y mantenimiento de sentinas. Desprende y ablanda la suciedad, manteniéndola en su estado de suspensión, actuando el desengrasante como elemento antidepositante y eliminándolo por arrastre. Elimina peligro de incendios y no ataca materiales como madera, hierro, bronce, etc. 
AGUA LAVANDINA ;NAVAL NDUSTRIAL ;CAJA 3X5 LTS;
DESODORANTE DESINFECTANTE TF;NAVAL NDUSTRIAL ;X LT / X5 / X10 LTS / CAJA 3X5 LTS;
DESODORANTE DESINFECTANTE TF PLUS;NAVAL NDUSTRIAL ;X LT / X5 / X10 LTS;
DETERGENTE TF ;NAVAL NDUSTRIAL ;X LT / X5 / X10 LTS / CAJA 3X5 LTS;
DETERGENTE TF PLUS;NAVAL NDUSTRIAL ;X LT / X5 / X10 LTS;
ACIDO OXALICO (SAL DE LIMÓN);NAVAL NDUSTRIAL ;X1 / X25 KG;
AGUA DESTILADA ;NAVAL NDUSTRIAL ;X5 / X10 LTS;
AROMATIZADOR EN SPRAY 185 GS.;ARTÍCULOS VARIOS;;
BOLSAS 60 X 90 X 10 UN.;ARTÍCULOS VARIOS;;
BOLSAS 80 X 1 MTS X 50 UN.;ARTÍCULOS VARIOS;;
BOLSAS DE RESIDUOS 45 X 60 X 10 UN;ARTÍCULOS VARIOS;;
DISPENSER P/TOALLA EN ROLLO 100M;ARTÍCULOS VARIOS;;
DISPENSER PARA JABON LIQUIDO BLANCO ;ARTÍCULOS VARIOS;;
DISPENSER PARA PAP. HIG EN ROLLO BLANCO;ARTÍCULOS VARIOS;;
DISPENSER PARA TOALLAS EN ROLLO BLANCO ;ARTÍCULOS VARIOS;;
DISPENSER PARA TOALLAS INTERC. BCO;ARTÍCULOS VARIOS;;
BOBINA TOALLA EN  ROLLO (PACK 2X 300 MTS);ARTÍCULOS VARIOS;;
CAJA TOALLAS EN ROLLO BEIGE (10X250);ARTÍCULOS VARIOS;;
HIGIENICO EN ROLLO (PACK 8X300 MTS);ARTÍCULOS VARIOS;;
ROLLO TOALLAS (6 X 100 MTS);ARTÍCULOS VARIOS;;
ROLLO PAP. HIG SUELTO X 100 MTS;ARTÍCULOS VARIOS;;
PACK HIG 12 X 100 MTS;ARTÍCULOS VARIOS;;
ROLLO COCINA SUELTO 200 PAÑOS;ARTÍCULOS VARIOS;;
ROLLO COCINA 6X200 PAÑOS ;ARTÍCULOS VARIOS;;
BOTELLA COMUN X 1 LT;ARTÍCULOS VARIOS;;
BOTELLA PET ANILLADA X 1 LT;ARTÍCULOS VARIOS;;
BOTELLA COMUN X 1/2 LT;ARTÍCULOS VARIOS;;
BOTELLA COMUN X 1/4 LT;ARTÍCULOS VARIOS;;
BOTELLA PET X 1 LT C/GATILLO;ARTÍCULOS VARIOS;;
BOTELLA PET X 1/4 C/SPRAY;ARTÍCULOS VARIOS;;
GATILLO;ARTÍCULOS VARIOS;;
SPRAY;ARTÍCULOS VARIOS;;
BIDON TRANSLUCIDO X 5 LTS;ARTÍCULOS VARIOS;;
BIDON AMARILLO X 5 LTS;ARTÍCULOS VARIOS;;
BIDON TRANSLUCIDO X 10 LTS;ARTÍCULOS VARIOS;;
BIDON AMARILLO X 10 LTS;ARTÍCULOS VARIOS;;
GUANTES DE LATX X PAR;ARTÍCULOS VARIOS;;
GUANTES DE NITRILO X PAR;ARTÍCULOS VARIOS;;
CAJA DE GUANTES DE LATEX;ARTÍCULOS VARIOS;;
CAJA DE GUANTES DE NITRILO;ARTÍCULOS VARIOS;;
JABON EN PAN SEISEME X 300 GS;ARTÍCULOS VARIOS;;
GUANTES DE GOMA;ARTÍCULOS VARIOS;;
FLUIDO TIPO ACAROÍNA;HOGAR (MAYORISTA Y MINORISTA);X LT / X1 / X1/2 / X5 LTS;
LAVANDINA EN GEL ;HOGAR (MAYORISTA Y MINORISTA);X LT / X1 / X5 LTS;
JABON LÍQUIDO PARA ROPA AZUL ;HOGAR (MAYORISTA Y MINORISTA);X LT / X1 / X5 LTS;
JABON LÍQUIDO PARA ROPA VERDE;HOGAR (MAYORISTA Y MINORISTA);X LT / X1 / X5 LTS;
JABON LÍQUIDO PARA ROPA CON DESMANCHADOR ;HOGAR (MAYORISTA Y MINORISTA);X1 / X5 LTS;
JABON LÍQUIDO PARA ROPA NEUTRO ;HOGAR (MAYORISTA Y MINORISTA);X LT / X1 / X5 LTS;
JABON LÍQUIDO PARA ROPA CLORADO ;HOGAR (MAYORISTA Y MINORISTA);X LT / X1 / X5 LTS;
JABON LÍQUIDO PARA MANOS ;HOGAR (MAYORISTA Y MINORISTA);X LT / X1 / X5 LTS;
JABON GERMICIDA ;HOGAR (MAYORISTA Y MINORISTA);X5 LTS (A PEDIDO);
SUAVIZANTE CELESTE ;HOGAR (MAYORISTA Y MINORISTA);X LT / X5 / X10 LTS;
AGUA LAVANDINA ;HOGAR (MAYORISTA Y MINORISTA);X LT / X5 / X10 LTS;
DESODORANTE FRAGANCIAS VARIAS ;HOGAR (MAYORISTA Y MINORISTA);X LT / X5 LTS;
LIMPIAVIDRIOS ;HOGAR (MAYORISTA Y MINORISTA);X LT / X1 / X5 LTS;
LIMPIADOR CREMOSO;HOGAR (MAYORISTA Y MINORISTA);X KG / X1 / X5 LTS;
DESODORANTE SILICONADO ;HOGAR (MAYORISTA Y MINORISTA);X LT / X1 / X5 LTS;
CERA ACRÍLICA ;HOGAR (MAYORISTA Y MINORISTA);X LT / X1 / X5 LTS;
SANITARIO INTEGRAL LU  ;HOGAR (MAYORISTA Y MINORISTA);X5 LTS;
PERFUMINA AL ALCOHOL ;HOGAR (MAYORISTA Y MINORISTA);X LT / X1 / X5 / X1/2 / X1/4 LTS / X1/4 C/ SPRAY;
CLOROFER (HIPOCLORITO DE SODIO) ;HOGAR (MAYORISTA Y MINORISTA);X KG / X5 / X10 LTS;
DETERGENTE CONCENTRADO 30% ;HOGAR (MAYORISTA Y MINORISTA);X KG / X1 / X5 / X10 LTS;
DETERGENTE INTERMEDIO 15%;HOGAR (MAYORISTA Y MINORISTA);X KG / X5 / X10 LTS;
ESENCIA HS FULL CONCENTRADA COMÚN;HOGAR (MAYORISTA Y MINORISTA);X LT / X1 / X1/2 / X1/4 LTS ;* consultar por fragancias 
ESENCIA HS FULL CONCENTRADA CÍTRICO;HOGAR (MAYORISTA Y MINORISTA);X LT / X1 / X1/2 / X1/4 LTS ;* consultar por fragancias 
ESENCIA HS FULL CONCENTRADA PREMIUM;HOGAR (MAYORISTA Y MINORISTA);X LT / X1 / X1/2 / X1/4 LTS ;* consultar por fragancias 
GRASA DE SILICONA POMO X 35 GR;HOGAR (MAYORISTA Y MINORISTA);;
GRASA DE SILICONA POMO X 50 GR;HOGAR (MAYORISTA Y MINORISTA);;
GRASA DE SILICONA POTE X 250 GR;HOGAR (MAYORISTA Y MINORISTA);;
GRASA DE SILICONA POTE X 550 GR;HOGAR (MAYORISTA Y MINORISTA);;
HIDROFLEX ;HOGAR (MAYORISTA Y MINORISTA);X LT / X1 / X5 LTS;
ESENCIAS FULL ;MATERIAS PRIMAS ;X LT / X1 / X1/2 / X1/4 LTS ;
ESENCIAS PERFUMERÍA ;MATERIAS PRIMAS ;X LT / X1 / X1/2 / X1/4 LTS ;
DILUYENTE E - 43 ;MATERIAS PRIMAS ;X LT / X1 / X5 LTS;
LESS 70 X KG;MATERIAS PRIMAS ;;
LESS 25 X LT;MATERIAS PRIMAS ;;
BASE PARA SUAVIZANTE SÓLIDA;MATERIAS PRIMAS ;;
BASE PARA SUAVIZANTE LÍQUIDA 4+1;MATERIAS PRIMAS ;;
KIT P/SUAVIZANTE ;MATERIAS PRIMAS ;;
SAL BOLSA X 50 KGS;MATERIAS PRIMAS ;;
SAL BOLSA X 25 KGS;MATERIAS PRIMAS ;;
NONIL FENOL X LT;MATERIAS PRIMAS ;;
EE 35 N EMULSION DE SILICONAS;MATERIAS PRIMAS ;;
ACEITE DE SILICONAS AK-1000;MATERIAS PRIMAS ;;
ANTIESPUMA WAS/EROL;MATERIAS PRIMAS ;;
ALCOHOL ISOPROPILICO X LT;MATERIAS PRIMAS ;;
DILUYENTE MINERAL (1006);MATERIAS PRIMAS ;;
ACETATO DE BUTILO;MATERIAS PRIMAS ;;
BUTILGLICOL X LT;MATERIAS PRIMAS ;;
BIOCIDA (CONSERVANTE);MATERIAS PRIMAS ;;
COLORANTE COMÚN ;MATERIAS PRIMAS ;;
COLORANTE VASANA AL AGUA;MATERIAS PRIMAS ;;
COLORANTE VASANA A LA GRASA;MATERIAS PRIMAS ;;
OPACANTE;MATERIAS PRIMAS ;;
NACARANTE;MATERIAS PRIMAS ;;
CLORURO DE BANZALCONIO 80;MATERIAS PRIMAS ;;
DIPROPILENGLICOL ;MATERIAS PRIMAS ;;
MONOETILENGLICOL ;MATERIAS PRIMAS ;;
PROPILENGLICOL;MATERIAS PRIMAS ;;
ACIDO SULFONICO X KG;MATERIAS PRIMAS ;;
ALQUILOLAMIDA DE COCO;MATERIAS PRIMAS ;;
ACIDO FOSFORICO X KG;MATERIAS PRIMAS ;;
COCOAMIDA PROPILBETAINA X KG;MATERIAS PRIMAS ;;
ESPESANTE PARA SUAVI (SULFATO DE SODIO);MATERIAS PRIMAS ;;
SULFATO DE ALUMINIO ;MATERIAS PRIMAS ;;
FLUORESCEÍNA ;MATERIAS PRIMAS ;;
ORTODICLORO DE BENCENO ;MATERIAS PRIMAS ;;
HDK;MATERIAS PRIMAS ;;
CENUSIL;MATERIAS PRIMAS ;;
CATALYST (CATALIZADOR);MATERIAS PRIMAS ;;
REVIVIDOR DE NEUMÁTICOS ;LÍNEA AUTOMOTOR ;X LT / X1 / X1/4 / X5 LTS;
REVIVIDOR DE INTERIORES ;LÍNEA AUTOMOTOR ;X LT / X1 / X1/4 / X5 LTS;
SHAMPOO PARA AUTOS ;LÍNEA AUTOMOTOR ;X LT / X 1 / X5 LTS;
CERA CON TEFLÓN;LÍNEA AUTOMOTOR ;X LT / X1 / X5 LTS / X1/4 C/ SPRAY;
LAVAMOTORES ;LÍNEA AUTOMOTOR ;X LT / X 1 / X5 LTS;
CLORO EN PASTILLAS 50 GRS X KG;LÍNEA PISCINA ;;
CLORO EN PASTILLAS 200 GRS X KG;LÍNEA PISCINA ;;
CLORO EN POLVO DISOLUCIÓN RAPIDA (60%);LÍNEA PISCINA ;;
CLORO GRANULADO DISOLUCIÓN LENTA (90%);LÍNEA PISCINA ;;
CLARIFICADOR ;LÍNEA PISCINA ;X LT / X 1 / X5 LTS;
ALGUICIDA ;LÍNEA PISCINA ;X LT / X 1 / X5 LTS;
REGULADOR DE pH ;LÍNEA PISCINA ;X10 LTS;
RESPUESTO SACAHOJAS PLANO ;LÍNEA PISCINA ;;
REPUESTO SACAHOJAS CON BOLSA;LÍNEA PISCINA ;;
PALO DE ALUMINIO (PARA SACAHOJAS);LÍNEA PISCINA ;;
PALO TELESCOPICO 3,6 MTS EXTENSIBLE;LÍNEA PISCINA ;;
BOYA HONGO ;LÍNEA PISCINA ;;
BOYA MINI HONGO;LÍNEA PISCINA ;;
BOYA SATELITE GRANDE;LÍNEA PISCINA ;;
BOYA SATELITE CHCIA ;LÍNEA PISCINA ;;
LIMPIAFONDO CEPILLO 1/2 LUNA;LÍNEA PISCINA ;;
LIMPIAFONDO 8 RUEDAS FLEXIBLE;LÍNEA PISCINA ;;
MANGUERA X MT;LÍNEA PISCINA ;;
TEST MEDIDOR DE pH;LÍNEA PISCINA ;;
ABS. MINERAL SAPONITA X 10 KG;CRUNCH OIL;;
ABS. MINERAL DIATOMEA X 25 KG;CRUNCH OIL;;
LOOSE FIBER BOLSA X 1 KG;CRUNCH OIL;;
LOOSE FIBER BOLSA X 6 KG;CRUNCH OIL;;
LOOSE FIBER BOLSA X 12 KG;CRUNCH OIL;;
PILLOW ABSORBENTE 50 x 40 cm (caja 12 un.);CRUNCH OIL;;
SOCK ABSORBENTE 250 x 7 cm (caja 6 un.);CRUNCH OIL;;
SOCK HEAVY DUTY 320 x 15 cm;CRUNCH OIL;;
FLOATING BOOM 250 x 10 cm (caja 4 un.);CRUNCH OIL;;
BOOM HEAVY DUTY 320 x 20 cm;CRUNCH OIL;;
PILLOW FLOTANTE 50 x 40 cm (caja 12 un.);CRUNCH OIL;;
PILLOW FLOTANTE 1 x 1 mt (caja 2 un);CRUNCH OIL;;
PAÑOS ABSORBENTES 0,5 x 0,5 (180 gr/m2) 100 un.;CRUNCH OIL;;
PAÑOS ABSORBENTES 1 x 1 mt(180 gr/m2) 100 un.;CRUNCH OIL;;
PAÑOS ABSORBENTES 0,5 x 0,5 (120 gr/m2) 100 un.;CRUNCH OIL;;
PAÑOS ABSORBENTES 1 x 1 mt(120 gr/m2) 100 un.;CRUNCH OIL;;
